{
    "Objects": [
        {
            "name": "StaticObj_Wreck_UH1Y",
            "pos": [
                13937.0390625,
                30.544523239135743,
                2918.81103515625
            ],
            "ypr": [
                0.0,
                0.0,
                -0.0
            ],
            "scale": 1.0,
            "enableCEPersistency": 0
        },
        {
            "name": "Land_Static_An2",
            "pos": [
                13952.599609375,
                25.907699584960939,
                2962.75
            ],
            "ypr": [
                -112.75699615478516,
                0.0,
                3.0
            ],
            "scale": 0.9999996423721314,
            "enableCEPersistency": 0
        },
        {
            "name": "StaticObj_Wreck_Mi8_Crashed",
            "pos": [
                13895.7001953125,
                33.39690017700195,
                2940.830078125
            ],
            "ypr": [
                0.0,
                0.0,
                -0.0
            ],
            "scale": 1.0,
            "enableCEPersistency": 0
        }
    ]
}